Generation,Number of Molecules,KEGG,HMDB,Computed Set,log10 Number of Molecules
0,2,1,1,1,0.301029996
1,12,2,1,11,1.079181246
2,85,8,8,77,1.929418926
3,704,14,18,718,2.847572659
4,5367,32,41,5326,3.729731595
5,32049,45,64,31985,4.505814483
